{
    "initial_capital": 100000.0,
    "final_capital": 100049.2733906507,
    "cumulative_pnl": 49.27339065071264,
    "total_return": 0.0004927339065071264,
    "sharpe_ratio": 0.3487681028306908,
    "max_drawdown": 0.0007105863704068145,
    "win_rate": 1.0,
    "profit_factor": Infinity,
    "total_trades": 3,
    "equity_curve": [
        100000.0,
        100000.0,
        100000.0,
        100000.0,
        100000.0,
        100000.0,
        100000.0,
        100000.0,
        100000.0,
        100000.0,
        100000.0,
        100000.0,
        100000.0,
        100000.0,
        100000.0,
        100000.0,
        100000.0,
        100000.0,
        100000.0,
        100000.0,
        100000.0,
        100000.0,
        100000.0,
        100000.0,
        100000.0,
        100000.0,
        100000.0,
        100000.0,
        100000.0,
        100000.0,
        100000.0,
        100000.0,
        100000.0,
        100000.0,
        100000.0,
        100000.0,
        100000.0,
        100000.0,
        100000.0,
        100000.0,
        100000.0,
        100000.0,
        100000.0,
        100000.0,
        100000.0,
        100000.0,
        100000.0,
        100000.0,
        100000.0,
        100000.0,
        100000.0,
        100000.0,
        100000.0,
        100000.0,
        100000.0,
        100000.0,
        100000.0,
        100000.0,
        100000.0,
        100000.0,
        100000.0,
        100000.0,
        100000.0,
        100000.0,
        100000.0,
        100000.0,
        100000.0,
        100000.0,
        100000.0,
        100000.0,
        100000.0,
        100000.0,
        100000.0,
        100000.0,
        100000.0,
        100000.0,
        100000.0,
        100000.0,
        100000.0,
        100000.0,
        100000.0,
        100000.0,
        100000.0,
        100000.0,
        100000.0,
        100000.0,
        100000.0,
        100000.0,
        100000.0,
        100000.0,
        100000.0,
        100000.0,
        100000.0,
        100000.0,
        100000.0,
        100000.0,
        100000.0,
        100000.0,
        100000.0,
        100000.0,
        100000.0,
        100000.0,
        100000.0,
        100000.0,
        100000.0,
        100000.0,
        100000.0,
        100000.0,
        100000.0,
        100000.0,
        100000.0,
        100000.0,
        100000.0,
        100000.0,
        100000.0,
        100000.0,
        100000.0,
        100000.0,
        100000.0,
        100000.0,
        100000.0,
        100000.0,
        100000.0,
        100000.0,
        100000.0,
        100000.0,
        100000.0,
        100000.0,
        100000.0,
        100000.0,
        100000.0,
        100000.0,
        100000.0,
        100000.0,
        100000.0,
        100000.0,
        100000.0,
        100000.0,
        100000.0,
        100000.0,
        100000.0,
        100000.0,
        100000.0,
        100000.0,
        100000.0,
        100000.0,
        100000.0,
        100000.0,
        100000.0,
        100000.0,
        100000.0,
        100000.0,
        100000.0,
        100000.0,
        100000.0,
        100000.0,
        100000.0,
        100000.0,
        100000.0,
        100000.0,
        100000.0,
        100000.0,
        100000.0,
        100000.0,
        100000.0,
        100000.0,
        100000.0,
        100000.0,
        100000.0,
        100000.0,
        100000.0,
        100000.0,
        100000.0,
        100000.0,
        100000.0,
        100000.0,
        100000.0,
        100000.0,
        100000.0,
        100000.0,
        100000.0,
        100000.0,
        100000.0,
        100000.0,
        100000.0,
        100000.0,
        100000.0,
        100000.0,
        100000.0,
        100000.0,
        100000.0,
        100000.0,
        100000.0,
        100000.0,
        100000.0,
        100000.0,
        100008.21164137025,
        100036.95238616611,
        100045.16402753638,
        100035.58377927108,
        99987.68253794462,
        100016.42328274049,
        100023.2663172157,
        100050.63845511654,
        100026.00353100579,
        100012.31746205538,
        100009.5802482653,
        100005.47442758016,
        100009.5802482653,
        100027.37213790083,
        100032.846565481,
        100036.95238616611,
        100027.37213790083,
        100019.16049653059,
        100028.74074479587,
        100023.2663172157,
        100023.2663172157,
        100023.2663172157,
        100023.2663172157,
        100023.2663172157,
        100023.2663172157,
        100023.2663172157,
        100023.2663172157,
        100023.2663172157,
        100023.2663172157,
        100023.2663172157,
        100023.2663172157,
        100023.2663172157,
        100023.2663172157,
        100023.2663172157,
        100023.2663172157,
        100023.2663172157,
        100023.2663172157,
        100023.2663172157,
        100023.2663172157,
        100023.2663172157,
        100023.2663172157,
        100023.2663172157,
        100023.2663172157,
        100023.2663172157,
        100023.2663172157,
        100023.2663172157,
        100023.2663172157,
        100023.2663172157,
        100023.2663172157,
        100023.2663172157,
        100023.2663172157,
        100023.2663172157,
        100023.2663172157,
        100023.2663172157,
        100023.2663172157,
        100023.2663172157,
        100023.2663172157,
        100023.2663172157,
        100023.2663172157,
        100023.2663172157,
        100023.2663172157,
        100023.2663172157,
        100023.2663172157,
        100023.2663172157,
        100023.2663172157,
        100023.2663172157,
        100023.2663172157,
        100023.2663172157,
        100023.2663172157,
        100023.2663172157,
        100023.2663172157,
        100023.2663172157,
        100023.2663172157,
        100023.2663172157,
        100023.2663172157,
        100023.2663172157,
        100023.2663172157,
        100023.2663172157,
        100023.2663172157,
        100023.2663172157,
        100023.2663172157,
        100023.2663172157,
        100023.2663172157,
        100023.2663172157,
        100023.2663172157,
        100023.2663172157,
        100023.2663172157,
        100023.2663172157,
        100023.2663172157,
        100023.2663172157,
        100009.57706402107,
        100016.42169061839,
        100002.73243742375,
        99999.99458678483,
        99995.88781082645,
        100027.3730931741,
        100032.84879445194,
        100006.83921338215,
        100004.10136274323,
        100013.68383997947,
        100024.63524253517,
        100034.2177197714,
        100035.58664509088,
        100046.53804764658,
        100024.63524253517,
        100031.47986913248,
        100036.95557041034,
        100036.95557041034,
        100046.53804764658,
        100046.53804764658,
        100046.53804764658,
        100046.53804764658,
        100046.53804764658,
        100046.53804764658,
        100046.53804764658,
        100046.53804764658,
        100046.53804764658,
        100046.53804764658,
        100046.53804764658,
        100046.53804764658,
        100046.53804764658,
        100046.53804764658,
        100046.53804764658,
        100046.53804764658,
        100046.53804764658,
        100046.53804764658,
        100046.53804764658,
        100046.53804764658,
        100046.53804764658,
        100046.53804764658,
        100046.53804764658,
        100046.53804764658,
        100046.53804764658,
        100046.53804764658,
        100046.53804764658,
        100046.53804764658,
        100046.53804764658,
        100046.53804764658,
        100046.53804764658,
        100046.53804764658,
        100046.53804764658,
        100046.53804764658,
        100046.53804764658,
        100046.53804764658,
        100046.53804764658,
        100046.53804764658,
        100046.53804764658,
        100046.53804764658,
        100046.53804764658,
        100046.53804764658,
