{
    "initial_capital": 100000.0,
    "final_capital": 100477.99704308131,
    "cumulative_pnl": 477.9970430813172,
    "total_return": 0.004779970430813172,
    "sharpe_ratio": 0.6905889692785696,
    "max_drawdown": 0.0023840188529306926,
    "win_rate": 0.6111111111111112,
    "profit_factor": 3.41695199057896,
    "total_trades": 18,
    "equity_curve": [
        100000.0,
        99842.07418393552,
        100134.58026064625,
        100229.33575028495,
        100090.63568574136,
        100100.24856150181,
        100153.80601216716,
        100001.37326796578,
        100008.23960779468,
        99990.38712423955,
        100015.10594762355,
        100076.90300608358,
        100104.36836539915,
        100148.31294030404,
        100149.68620826982,
        100120.84758098848,
        100131.8337247147,
        100126.34065285159,
        100108.48816929647,
        100068.6633982889,
        100032.95843117867,
        100096.12875760447,
        100197.75058707205,
        100193.63078317473,
        100212.85653469562,
        100199.12385503783,
        100215.60307062717,
        100218.34960655872,
        100174.40503165382,
        100184.01790741428,
        100196.37731910628,
        100197.75058707205,
        100205.99019486672,
        100232.08228621651,
        100185.39117538005,
        100204.61692690094,
        100271.90705722407,
        100293.87934467652,
        100287.01300484763,
        100278.77339705297,
        100308.98529230009,
        100296.62588060809,
        100262.29418146363,
        100265.04071739518,
        100270.5337892583,
        100394.12790617833,
        100340.57045551298,
        100307.6120243343,
        100311.73182823164,
        100319.97143602632,
        100318.59816806053,
        100392.75463821256,
        100379.02195855477,
        100366.66254686278,
        100300.74568450541,
        100343.31699144455,
        100322.71797195787,
        100329.58431178676,
        100282.8932009503,
        100310.35856026587,
        100330.95757975253,
        100330.95757975253,
        100330.95757975253,
        100330.95757975253,
        100330.95757975253,
        100330.95757975253,
        100336.4474205295,
        100328.21265936404,
        100341.93726130648,
        100307.6257564504,
        100322.72281858708,
        100310.37067683888,
        100298.0185350907,
        100289.78377392524,
        100263.70703023463,
        100273.31425159432,
        100265.07949042886,
        100265.07949042886,
        100266.4519506231,
        100277.43163217705,
        100273.31425159432,
        100255.47226906916,
        100252.72734868068,
        100269.19687101159,
        100254.09980887492,
        100278.8040923713,
        100278.8040923713,
        100278.8040923713,
        100278.8040923713,
        100278.8040923713,
        100278.8040923713,
        100285.66733267602,
        100280.17674043225,
        100284.29468461507,
        100295.27586910264,
        100300.76646134643,
        100274.68614818846,
        100270.56820400563,
        100269.19555594468,
        100274.68614818846,
        100266.45025982278,
        100255.46907533522,
        100271.94085206657,
        100278.8040923713,
        100291.15792491981,
        100332.33736674816,
        100284.29468461507,
        100318.61088613872,
        100300.76646134643,
        100281.5493884932,
        100280.17674043225,
        100280.17674043225,
        100280.17674043225,
        100280.17674043225,
        100285.67079202739,
        100278.80322753346,
        100273.30917593831,
        100289.79133072375,
        100287.04430492618,
        100318.63510159828,
        100341.98482087765,
        100347.4788724728,
        100352.97292406796,
        100365.33454015704,
        100355.71994986552,
        100348.85238537159,
        100344.73184667523,
        100340.61130797886,
        100344.73184667523,
        100358.4669756631,
        100352.97292406796,
        100381.81669494248,
        100388.68425943641,
        100377.69615624612,
        100369.4550788534,
        100383.19020784127,
        100376.32264334733,
        100384.56372074006,
        100381.81669494248,
        100370.82859175219,
        100376.32264334733,
        100385.93723363885,
        100380.4431820437,
        100383.19020784127,
        100376.32264334733,
        100373.57561754977,
        100373.57561754977,
        100380.4431820437,
        100381.81669494248,
        100392.80479813278,
        100395.55182393035,
        100394.17831103156,
        100416.15451741216,
        100412.0339787158,
        100412.0339787158,
        100410.66008995491,
        100403.79064615043,
        100406.53842367223,
        100417.52953375937,
        100406.53842367223,
        100395.54731358508,
        100387.30398101971,
        100380.43453721523,
        100384.55620349792,
        100388.6778697806,
        100402.41675738954,
        100398.29509110686,
        100379.06064845434,
        100372.19120464986,
        100369.44342712808,
        100351.58287323646,
        100366.69564960629,
        100366.69564960629,
        100347.46120695377,
        100347.46120695377,
        100347.46120695377,
        100343.34004848782,
        100333.72401206726,
        100343.34004848782,
        100363.94584081757,
        100354.32980439703,
        100372.18815774948,
        100374.93559672678,
        100370.81443826083,
        100370.81443826083,
        100344.71376797647,
        100350.20864593107,
        100366.69327979488,
        100368.06699928353,
        100366.69327979488,
        100354.32980439703,
        100351.58236541972,
        100359.82468235162,
        100350.20864593107,
        100352.95608490836,
        100373.56187723813,
        100381.80419417004,
        100410.65230343169,
        100418.8946203636,
        100409.27858394304,
        100361.19840184027,
        100390.04651110193,
        100396.91510854519,
        100424.3894983182,
        100399.66254752249,
        100385.92535263598,
        100383.17791365868,
        100379.05675519272,
        100383.17791365868,
        100401.03626701114,
        100406.53114496575,
        100410.65230343169,
        100401.03626701114,
        100392.79395007924,
        100402.4099864998,
        100396.91510854519,
        100396.91510854519,
        100396.91510854519,
        100396.91510854519,
        100390.04773265366,
        100383.18035676214,
        100383.18035676214,
        100395.54163336688,
        100398.2885837235,
        100391.42120783197,
        100387.30078229705,
        100381.80688158383,
        100359.83127873096,
        100357.08432837435,
        100357.08432837435,
        100351.59042766113,
        100359.83127873096,
        100359.83127873096,
        100365.32517944417,
        100376.31298087061,
        100372.1925553357,
        100373.566030514,
        100369.44560497909,
        100374.93950569231,
        100374.93950569231,
        100374.93950569231,
        100374.93950569231,
        100374.93950569231,
        100374.93950569231,
        100374.93950569231,
        100374.93950569231,
        100376.31313123807,
        100380.43400787537,
        100390.04938669573,
        100392.79663778725,
        100377.68675678383,
        100374.93950569231,
        100383.1812589669,
        100379.06038232961,
        100381.80763342114,
        100381.80763342114,
        100381.80763342114,
        100372.19225460078,
        100365.32412687196,
        100366.69775241772,
        100376.31313123807,
        100376.31313123807,
        100368.07137796348,
        100377.68675678383,
        100362.57687578042,
        100363.9505013262,
        100363.9505013262,
        100363.9505013262,
        100374.93995691201,
        100365.32418327442,
        100354.3347276886,
        100352.96104574038,
        100355.70840963683,
        100350.21368184393,
