{
    "initial_capital": 100000.0,
    "final_capital": 100328.1292535237,
    "cumulative_pnl": 328.1292535236987,
    "total_return": 0.003281292535236987,
    "sharpe_ratio": 0.7884778452625673,
    "max_drawdown": 0.0015042123223119117,
    "win_rate": 0.5882352941176471,
    "profit_factor": 2.320869812580204,
    "total_trades": 17,
    "equity_curve": [
        100000.0,
        100000.0,
        100000.0,
        100000.0,
        100000.0,
        100000.0,
        100000.0,
        100000.0,
        100000.0,
        100000.0,
        100000.0,
        100000.0,
        100000.0,
        100000.0,
        100000.0,
        100000.0,
        100000.0,
        100000.0,
        100000.0,
        100000.0,
        100000.0,
        100063.1495133369,
        100164.73786087887,
        100160.6194143569,
        100179.83883145943,
        100166.1106763862,
        100182.58446247409,
        100185.33009348874,
        100141.39999725437,
        100151.00970580564,
        100163.36504537155,
        100164.73786087887,
        100172.97475392283,
        100199.05824856198,
        100152.38252131296,
        100171.6019384155,
        100238.86989827437,
        100260.83494639155,
        100253.97086885493,
        100245.73397581099,
        100275.93591697211,
        100275.93591697211,
        100275.93591697211,
        100275.93591697211,
        100281.42958573434,
        100405.0371328845,
        100351.47386245277,
        100318.51184987939,
        100322.63210145106,
        100330.8726045944,
        100329.49918740385,
        100403.66371569394,
        100389.92954378837,
        100377.56878907335,
        100311.6447639266,
        100354.22069683389,
        100333.61943897553,
        100340.4865249283,
        100293.79034044936,
        100321.25868426051,
        100341.85994211887,
        100332.24602178496,
        100343.23335930942,
        100348.72702807165,
        100351.47386245277,
        100400.91688131282,
        100406.41055007506,
        100398.17004693171,
        100411.90421883728,
        100377.56878907335,
        100392.67637816948,
        100380.31562345447,
        100367.95486873946,
        100359.71436559611,
        100333.61943897551,
        100343.23335930942,
        100334.99285616608,
        100334.99285616608,
        100336.36627335663,
        100347.3536108811,
        100343.23335930942,
        100325.37893583217,
        100322.63210145106,
        100339.11310773775,
        100339.11310773775,
        100339.11310773775,
        100339.11310773775,
        100341.8598293295,
        100339.11310773775,
        100341.8598293295,
        100330.87294296248,
        100337.73974694186,
        100332.24630375835,
        100336.366386146,
        100347.35327251302,
        100352.84671569655,
        100326.75286057484,
        100322.6327781872,
        100321.25941739132,
        100326.75286057484,
        100318.51269579957,
        100307.52580943253,
        100324.00613898308,
        100330.87294296248,
        100343.2331901254,
        100384.43401400177,
        100336.366386146,
        100336.366386146,
        100336.366386146,
        100336.366386146,
        100336.366386146,
        100326.75246580128,
        100317.13854545658,
        100273.18919530934,
        100278.68286407774,
        100271.81577811723,
        100266.32210934882,
        100282.80311565405,
        100280.05628126985,
        100311.64487668817,
        100334.9929689539,
        100340.4866377223,
        100345.9803064907,
        100358.34106121962,
        100348.72714087491,
        100341.8600549144,
        100337.73980333809,
        100333.61955176179,
        100337.73980333809,
        100351.47397525911,
        100345.9803064907,
        100345.9803064907,
        100345.9803064907,
        100334.99687748699,
        100326.75930573422,
        100340.48859198885,
        100333.62394886154,
        100341.86152061431,
        100339.11566336338,
        100328.13223435968,
        100333.62394886154,
        100343.23444923978,
        100337.74273473793,
        100340.48859198885,
        100333.62394886154,
        100330.8780916106,
        100330.8780916106,
        100337.74273473793,
        100339.11566336338,
        100350.09909236709,
        100352.84494961803,
        100351.47202099256,
        100373.43887899996,
        100373.43887899996,
        100345.97917969238,
        100344.606194727,
        100337.74126990011,
        100340.48723983087,
        100351.4711195539,
        100340.48723983087,
        100329.50336010783,
        100321.26545031556,
        100314.40052548867,
        100318.5194803848,
        100322.63843528094,
        100336.36828493472,
        100332.2493300386,
        100313.02754052328,
        100306.16261569639,
        100303.41664576564,
        100285.5678412157,
        100300.67067583487,
        100300.67067583487,
        100281.44888631957,
        100281.44888631957,
        100293.80575100798,
        100289.68679611184,
        100280.0759013542,
        100289.68679611184,
        100310.28157059253,
        100300.67067583487,
        100318.51948038481,
        100321.26545031556,
        100317.14649541942,
        100317.14649541942,
        100291.05978107723,
        100296.55172093875,
        100313.0275405233,
        100314.40052548867,
        100313.0275405233,
        100300.67067583487,
        100297.92470590412,
        100306.16261569639,
        100296.55172093875,
        100299.2976908695,
        100299.2976908695,
        100299.2976908695,
        100328.12208909467,
        100336.35763144473,
        100326.749498703,
        100278.70883499437,
        100307.53323321955,
        100314.39618517792,
        100341.84799301143,
        100317.14136596127,
        100303.41546204452,
        100300.67028126118,
        100296.55251008614,
        100300.67028126118,
        100318.51395635295,
        100324.00431791965,
        100328.12208909467,
        100318.51395635295,
        100310.2784140029,
        100319.88654674463,
        100314.39618517792,
        100321.2591371363,
        100321.2591371363,
        100321.2591371363,
        100321.2591371363,
        100321.2591371363,
        100321.2591371363,
        100333.61278870545,
        100336.35804460969,
        100329.49490484905,
        100325.37702099267,
        100319.88650918417,
        100297.92446195013,
        100295.17920604587,
        100295.17920604587,
        100289.68869423737,
        100297.92446195013,
        100297.92446195013,
        100303.41497375864,
        100314.39599737566,
        100310.27811351928,
        100311.6507414714,
        100307.53285761502,
        100313.02336942354,
        100313.02336942354,
        100315.76862532778,
        100314.39599737566,
        100314.39599737566,
        100314.39599737566,
        100314.39599737566,
        100314.39599737566,
        100314.39599737566,
        100318.51433204999,
        100328.12377962343,
        100330.86933607298,
        100315.76877560043,
        100313.02321915088,
        100321.25988849954,
        100317.14155382522,
        100319.88711027477,
        100319.88711027477,
        100319.88711027477,
        100310.27766270132,
        100303.41377157744,
        100304.78654980221,
        100314.39599737566,
        100314.39599737566,
        100306.15932802699,
        100315.76877560043,
        100300.66821512788,
        100302.04099335267,
        100300.66821512788,
        100300.66821512788,
        100300.66821512788,
        100300.66821512788,
        100300.66821512788,
        100299.29526778389,
        100302.04116247187,
        100296.54937309591,
        100299.29526778389,
        100291.05758371996,
        100291.05758371996,
        100292.43053106395,
        100302.04116247187,
        100307.53295184782,
        100318.51653059974,
        100315.77063591176,
