{
    "initial_capital": 100000.0,
    "final_capital": 100123.35873935884,
    "cumulative_pnl": 123.35873935883245,
    "total_return": 0.0012335873935883244,
    "sharpe_ratio": 0.3167107568446898,
    "max_drawdown": 0.0015042123223121477,
    "win_rate": 0.5882352941176471,
    "profit_factor": 1.4975907417090335,
    "total_trades": 17,
    "equity_curve": [
        100000.0,
        100000.0,
        100000.0,
        100000.0,
        100000.0,
        100000.0,
        100000.0,
        100000.0,
        100000.0,
        100000.0,
        100000.0,
        100000.0,
        100000.0,
        100000.0,
        100000.0,
        100000.0,
        100000.0,
        100000.0,
        100000.0,
        100000.0,
        100000.0,
        100000.0,
        100000.0,
        100000.0,
        100019.18859649122,
        100005.48245614035,
        100021.9298245614,
        100024.67105263157,
        99980.81140350878,
        99990.40570175438,
        100002.74122807017,
        100004.11184210527,
        100012.33552631579,
        100038.37719298246,
        99991.77631578948,
        100010.9649122807,
        100078.125,
        100100.0548245614,
        100093.20175438597,
        100084.97807017544,
        100115.13157894737,
        100102.79605263157,
        100068.53070175438,
        100071.27192982456,
        100076.75438596492,
        100200.10964912281,
        100146.65570175438,
        100113.76096491229,
        100117.87280701754,
        100126.09649122808,
        100124.72587719299,
        100198.73903508772,
        100185.03289473684,
        100172.69736842105,
        100106.90789473684,
        100149.39692982456,
        100128.83771929824,
        100135.6907894737,
        100089.0899122807,
        100116.50219298246,
        100137.06140350878,
        100127.46710526316,
        100138.43201754386,
        100143.91447368421,
        100146.65570175438,
        100195.99780701754,
        100201.4802631579,
        100193.25657894737,
        100206.96271929824,
        100172.69736842105,
        100187.77412280702,
        100175.43859649124,
        100163.10307017544,
        100154.87938596492,
        100128.83771929824,
        100138.43201754386,
        100130.20833333334,
        100130.20833333334,
        100131.57894736843,
        100142.54385964913,
        100138.43201754386,
        100120.61403508772,
        100117.87280701754,
        100134.3201754386,
        100134.3201754386,
        100134.3201754386,
        100134.3201754386,
        100137.06129094961,
        100134.3201754386,
        100137.06129094961,
        100126.09682890553,
        100132.94961768309,
        100127.46738666104,
        100131.57905992758,
        100142.54352197166,
        100148.02575299371,
        100121.98515563899,
        100117.87348237245,
        100116.50292461694,
        100121.98515563899,
        100113.76180910593,
        100102.79734706183,
        100119.24404012796,
        100126.09682890553,
        100138.43184870514,
        100179.54858137049,
        100131.57905992758,
        100131.57905992758,
        100131.57905992758,
        100131.57905992758,
        100131.57905992758,
        100121.98476167118,
        100112.39046341478,
        100068.53081424267,
        100074.01327038919,
        100067.16020020604,
        100061.67774405953,
        100078.12511249907,
        100075.38388442581,
        100106.90800726827,
        100130.20844589095,
        100135.69090203746,
        100141.17335818398,
        100153.50888451363,
        100143.91458625723,
        100137.06151607409,
        100132.9496739642,
        100128.83783185433,
        100132.9496739642,
        100146.65581433049,
        100141.17335818398,
        100141.17335818398,
        100141.17335818398,
        100130.21234644671,
        100121.99158764376,
        100135.69285231535,
        100128.84221997955,
        100137.0629787825,
        100134.32272584818,
        100123.36171411091,
        100128.84221997955,
        100138.43310524966,
        100132.95259938102,
        100135.69285231535,
        100128.84221997955,
        100126.10196704524,
        100126.10196704524,
        100132.95259938102,
        100134.32272584818,
        100145.28373758546,
        100148.02399051978,
        100146.65386405261,
        100168.57588752716,
        100168.57588752716,
        100141.17223368547,
        100139.80205099338,
        100132.95113753296,
        100135.69150291714,
        100146.65296445381,
        100135.69150291714,
        100124.73004138045,
        100116.50894522795,
        100109.65803176753,
        100113.76857984377,
        100117.87912792004,
        100131.58095484087,
        100127.47040676462,
        100108.28784907544,
        100101.43693561501,
        100098.69657023085,
        100080.88419523375,
        100095.95620484668,
        100095.95620484668,
        100076.77364715749,
        100076.77364715749,
        100089.10529138625,
        100084.99474331,
        100075.4034644654,
        100084.99474331,
        100105.54748369126,
        100095.95620484668,
        100113.76857984377,
        100116.50894522794,
        100112.39839715169,
        100112.39839715169,
        100086.36492600208,
        100091.84565677041,
        100108.28784907544,
        100109.65803176751,
        100108.28784907544,
        100095.95620484668,
        100093.2158394625,
        100101.43693561501,
        100091.84565677041,
        100094.58602215459,
        100094.58602215459,
        100094.58602215459,
        100123.35158955246,
        100131.57032309473,
        100121.98180062875,
        100074.03918829896,
        100102.80475569684,
        100109.65370031538,
        100137.04947878956,
        100112.3932781628,
        100098.69538892571,
        100095.9558110783,
        100091.84644430717,
        100095.9558110783,
        100113.7630670865,
        100119.24222278134,
        100123.35158955246,
        100113.7630670865,
        100105.54433354425,
        100115.13285601021,
        100109.65370031538,
        100116.50264493392,
        100116.50264493392,
        100116.50264493392,
        100116.50264493392,
        100116.50264493392,
        100116.50264493392,
        100128.83108260142,
        100131.57073541642,
        100124.72160337892,
        100120.61212415643,
        100115.13281852641,
        100093.21559600643,
        100090.47594319143,
        100090.47594319143,
        100084.99663756143,
        100093.21559600643,
        100093.21559600643,
        100098.69490163642,
        100109.65351289642,
        100105.54403367393,
        100106.91386008142,
        100102.80438085893,
        100108.28368648893,
        100108.28368648893,
        100111.02333930392,
        100109.65351289642,
        100109.65351289642,
        100109.65351289642,
        100109.65351289642,
        100109.65351289642,
        100109.65351289642,
        100113.76344201675,
        100123.35327663083,
        100126.09322937772,
        100111.02348926986,
        100108.28353652297,
        100116.50339476363,
        100112.3934656433,
        100115.13341839018,
        100115.13341839018,
        100115.13341839018,
        100105.54358377609,
        100098.69370190888,
        100100.06367828233,
        100109.65351289642,
        100109.65351289642,
        100101.43365465576,
        100111.02348926986,
        100095.953749162,
        100097.32372553543,
        100095.953749162,
        100095.953749162,
        100095.953749162,
        100095.953749162,
        100095.953749162,
        100094.58360401452,
        100097.32389430948,
        100091.84331371955,
        100094.58360401452,
        100086.36273312964,
        100086.36273312964,
        100087.73287827712,
        100097.32389430948,
        100102.8044748994,
        100113.76563607925,
        100111.02534578428,
        100109.6552006368,
